Roll No,Account ID,Account Password,Borrowing History,
25000,Zach,P@ssword789,"[Ulysses, Shadows Edge]",
25001,Zinx,Qwerty!2024,"[Die Trying (Jack Reacher- #2), Prodigy, We Need to Talk About Kevin]",
25002,,,[],
25003,Bob,abc#568,"[Revival, One Shot, Prey]",
25004,Charlie,Abc#6789,"[The Power of Habit, Midwives, Lover Enshrined- part one, The Truth About Forever, Definitely Dead (Sookie Stackhouse- #6)]",
25005,,,[],
25006,Eve,grey#hex,"[Helter Skelter: The True Story of The Manson Murders, Shadows Edge, Grey]",
25007,Frank,H@nnah123,"[Roll of Thunder- Hear My Cry, The Book of Life, The Signature of All Things, Gardens of the Moon]",
25008,,,[],
25009,Hannah,Jack#001,"[The Lost World, Across the Universe, Het diner, The Joy of Cooking, Night Shift]",
25010,Isaac,KatePass!,"[Scarlet, Ill Give You the Sun, é»’åŸ·äº‹ I [Kuroshitsuji I], Zen and the Art of Motorcycle Maintenance, The Wind in the Willows]",
25011,,,[],
25012,Kate,Mia$pass,"[The Power of One, Bridget Jones: The Edge of Reason, The Dark Tower]",
25013,Liam,Noah@123,"[A Wizard of Earthsea, Doctor Sleep, Suzannes Diary for Nicholas, Americanah]",
25014,,,[],
25015,Noah,Peter#2024,[Twelve Years a Slave],
25016,Olivia,Quinn$pass,"[The Girl You Left Behind, Definitely Dead (Sookie Stackhouse- #6)]",
25017,,,[],
25018,Quinn,Sophia@789,"[The Walking Dead Compendium Volume 1, The Broker, The Waste Lands, Bloodlines, As I Lay Dying]",
25019,Rachel,Thomas#pass,"[Suzannes Diary for Nicholas, True Believer, Hearts in Atlantis, Insomnia, A Visit From the Goon Squad]",
25020,,,[],
25021,Thomas,Vincent#100,"[The Opal Deception, The Sound and the Fury, City of Thieves]",
25022,Uma,William@456,"[Foundation and Empire, The Scarlet Pimpernel, Vingt Mille Lieues Sous les Mers, The Electric Kool-Aid Acid Test]",
25023,,,[],
25024,William,Y@mine$pass,"[Rework, ã‚¹ãƒ—ãƒ¼ãƒˆãƒ‹ã‚¯ã\x81®æ\x81‹äºº [SupÅ«toniku no Koibito], Moneyball: The Art of Winning an Unfair Game, Switched]",
25025,Xavier,Zach#secure,"[A Map of the World, The Queen of the Damned, Under the Never Sky, Howls Moving Castle, In the Heart of the Sea: The Tragedy of the Whaleship Essex]",
25026,,,[],
25027,Zach,Pass@123,[Obsidian],
25028,Zinx,Secure#456,[Lamb: The Gospel According to Biff- Christs Childhood Pal],
25029,,,[],
25030,Bob,Qwerty!2024,"[The Chamber, Chosen: A House of Night Novel, Dirk Gentlys Holistic Detective Agency, Me and Earl and the Dying Girl, The Bonesetters Daughter]",
25031,Charlie,Zx@12345,[Blue Like Jazz: Nonreligious Thoughts on Christian Spirituality],
25032,,,[],
25033,Eve,Abc#6789,[The Rescue],
25034,Frank,12345@xyz,"[A Dogs Purpose, The Blade Itself, Beautiful Darkness]",
25035,,,[],
25036,Hannah,H@nnah123,[Congo],
25037,Isaac,Isaac@456,"[Pygmalion, Die unendliche Geschichte]",
25038,,,[],
25039,Kate,KatePass!,"[Tender Is the Night, Lover Enshrined- part two]",
25040,Liam,Liam_789,"[Beautiful Bastard, Ensaio Sobre a Cegueira, Saga- Volume One, Enchanters End Game, Shopaholic Abroad]",
25041,,,[],
25042,Noah,Noah@123,"[Walk Two Moons, NARUTO -ãƒŠãƒ«ãƒˆ- å·»ãƒŽä¸€]",
25043,Olivia,OliviaPass@567,"[The Coincidence of Callie & Kayden, Stu, Ð˜Ð´Ð¸Ð¾Ñ‚, Also sprach Zarathustra]",
25044,,,[],
25045,Quinn,Quinn$pass,"[Moon Called, Gregor the Overlander]",
25046,Rachel,Rachel!123,"[DÃ©jÃ  Dead, At First Sight, Dead Beat, Ptolemys Gate, Saving CeeCee Honeycutt]",
25047,,,[],
25048,Thomas,Thomas#pass,"[Insomnia, Eleven on Top, The Orphan Masters Son, In Defense of Food: An Eaters Manifesto]",
25049,Uma,Uma@999,"[Quidditch Through the Ages, Shadow of Night]",
25050,,,[],
25051,William,William@456,"[Cabin Fever, New Moon: The Complete Illustrated Movie Companion, Helter Skelter: The True Story of The Manson Murders]",
25052,Xavier,Xavier!pass,[Dont Sweat the Small Stuff],
25053,,,[],
25054,Zach,Zach#secure,"[Out of My Mind, The Heart is a Lonely Hunter]",
25055,Zinx,Zx#sp,"[Molokai, In a Dark- Dark Wood]",
25056,,,[],
25057,Bob,Secure#456,"[Little Earthquakes, The Summoning]",
25058,Charlie,P@ssword789,[Preludes & Nocturnes],
25059,,,[],
25060,Eve,Zx@12345,"[Jemima J, The History of Love, Interpreter of Maladies]",
25061,Frank,abc#568,"[Scarlet, Tender Is the Night, The Iron Daughter, Pippi LÃ¥ngstrump]",
25062,,,[],
25063,Hannah,12345@xyz,"[Dead Wake: The Last Crossing of the Lusitania, Winter, Point of Retreat, Quidditch Through the Ages]",
25064,Isaac,grey#hex,"[Go the Fuck to Sleep, The Absolutely True Diary of a Part-Time Indian, Harold and the Purple Crayon, Madame Bovary, The Slow Regard of Silent Things]",
25065,,,[],
25066,Kate,Isaac@456,[Schools Out Forever],
25067,Liam,Jack#001,"[Animal Farm & 1984, Prey]",
25068,,,[],
25069,Noah,Liam_789,"[Prodigal Summer, The Boxcar Children, Make Way for Ducklings, Ethan Frome]",
25070,Olivia,Mia$pass,"[Lets Explore Diabetes with Owls, Gabriels Rapture, Ulysses, Prodigy]",
25071,,,[],
25072,Quinn,OliviaPass@567,"[The Fall of Hyperion, Infidel]",
25073,Rachel,Peter#2024,"[Fairy Tail 1, The Tale of Peter Rabbit]",
25074,,,[],
25075,Thomas,Rachel!123,[Predictably Irrational: The Hidden Forces that Shape Our Decisions],
25076,Uma,Sophia@789,"[On Dublin Street, NARUTO -ãƒŠãƒ«ãƒˆ- å·»ãƒŽä¸€]",
25077,,,[],
25078,William,Uma@999,"[äººç”Ÿã\x81Œã\x81¨ã\x81\x8dã‚\x81ã\x81\x8fç‰‡ã\x81¥ã\x81‘ã\x81®é\xad”æ³•, The Infinite Sea, Beautiful Ruins, La casa de los espÃ\xadritus, The Rescue]",
25079,Xavier,Vincent#100,[The Chamber],
25080,,,[],
25081,Zach,Xavier!pass,"[Gabriels Rapture, Bag of Bones]",
25082,Zinx,Y@mine$pass,[Go- Dog. Go!],
25083,,,[],
25084,Bob,Zx#sp,[LÃ©lÃ©gance du hÃ©risson],
25085,Charlie,Pass@123,[Wicked Lovely],
25086,,,[],
25087,Eve,P@ssword789,"[Horns, Jaws, The Tragedie of King Lear, Old Yeller]",
25088,Frank,Qwerty!2024,"[Men Are from Mars- Women Are from Venus Book of Days: 365 Inspirations to Enrich Your Relationships, Eventyr og historier, Cloudy with a Chance of Meatballs, The Twelve]",
25089,,,[],
25090,Hannah,abc#568,"[Days of Blood & Starlight, Warm Bodies, The Joy of Cooking, City of Heavenly Fire]",
25091,Isaac,Abc#6789,"[The Passage, The Chosen, Tender Is the Night, La Divina Commedia]",
25092,,,[],
25093,Kate,grey#hex,"[Mrs Dalloway, Lean In: Women- Work- and the Will to Lead, Point of Retreat, Drowning Ruth, Haunted: A Novel of Stories]",
25094,Liam,H@nnah123,"[Career of Evil, The Unbecoming of Mara Dyer, Fever 1793]",
25095,,,[],
25096,Noah,Jack#001,"[Prodigy, Queen of Shadows, Insomnia]",
25097,Olivia,KatePass!,[Joyland],
25098,Farukh,Fkbity,"[The Darkest Minds, The Diamond Age, A Memory of Light, The Memoirs of Sherlock Holmes, Unwind]",
25099,Quinn,Mia$pass,"[Lucky, Pride and Prejudice and Zombies]",
25100,Rachel,Noah@123,"[The Bonesetters Daughter, Benjamin Franklin: An American Life, The Man in the High Castle, Wither, Corduroy]",
25101,,,[],
25102,Thomas,Peter#2024,"[Abhorsen, A Separate Peace, The Awakening]",
25103,Uma,Quinn$pass,"[Bud- Not Buddy, David and Goliath, Behind the Beautiful Forevers: Life- Death- and Hope in a Mumbai Undercity, Preludes & Nocturnes]",
25104,,,[],
25105,William,Sophia@789,"[Red Queen, Stu]",
25106,Xavier,Thomas#pass,"[The Storyteller, The Storied Life of A.J. Fikry, Life, Onze minutos]",
25107,,,[],
25108,Zach,Vincent#100,[So Long- and Thanks for All the Fish],
25109,Zinx,William@456,"[Point of Retreat, The Immortals of Meluha, Dont Sweat the Small Stuff]",
25110,,,[],
25111,Bob,Y@mine$pass,"[Dolores Claiborne, The House on Mango Street, The Accidental Tourist, Behind the Beautiful Forevers: Life- Death- and Hope in a Mumbai Undercity]",
25112,Charlie,Zach#secure,"[The Infinite Sea, Prodigy, Free Four: Tobias Tells the Divergent Story, Ishmael: An Adventure of the Mind and Spirit]",
25113,,,[],
25114,Eve,Pass@123,"[Thinking- Fast and Slow, Its Not Summer Without You, The Long Walk, The Omnivores Dilemma]",
25115,Frank,Secure#456,"[The Miserable Mill, SuperFreakonomics: Global Cooling- Patriotic Prostitutes- and Why Suicide Bombers Should Buy Life Insurance]",
25116,,,[],
25117,Hannah,Qwerty!2024,[The Snow Child],
25118,Isaac,Zx@12345,"[Mostly Harmless, Sing You Home, The Essential Calvin and Hobbes: A Calvin and Hobbes Treasury, Naked in Death, In the Garden of Beasts: Love- Terror- and an American Family in Hitlers Berlin]",
25119,,,[],
25120,Kate,Abc#6789,"[A Bend in the Road, The Knife of Never Letting Go, The 3 Mistakes of My Life]",
25121,Liam,12345@xyz,[Animal Farm & 1984],
25122,,,[],
25123,Noah,H@nnah123,"[The Once and Future King, Redwall]",
25124,Olivia,Isaac@456,"[Anthem, Animal Farm & 1984, Change of Heart, Mr. Mercedes]",
25125,,,[],
25126,Quinn,KatePass!,"[The Secret Keeper, The Rosie Effect]",
25127,Rachel,Liam_789,"[The Lowland, The Fires of Heaven]",
25128,,,[],
25129,Thomas,Noah@123,"[Miss Nelson Is Missing!, Amelia Bedelia, Out of My Mind, The Lies of Locke Lamora, The Girls Guide to Hunting and Fishing]",
25130,Uma,OliviaPass@567,"[The Sense of an Ending, Have a Little Faith: A True Story, The Darkest Minds, Fates and Furies, The Summoning]",
25131,,,[],
25132,William,Quinn$pass,"[En attendant Godot, Dreamcatcher, The Maltese Falcon, Brooklyn]",
25133,Xavier,Rachel!123,"[The Pilots Wife, The Story of Edgar Sawtelle, Golden Son, Crazy Love: Overwhelmed by a Relentless God, This Lullaby]",
25134,,,[],
25135,Zach,Thomas#pass,"[Y: The Last Man- Vol. 1: Unmanned, Dolores Claiborne]",
25136,Zinx,Uma@999,"[Empire Falls, The Absolutely True Diary of a Part-Time Indian]",
25137,,,[],
25138,Bob,William@456,"[Hunted, Childhoods End, The Mermaid Chair, The Strange Case of Dr. Jekyll and Mr. Hyde and Other Tales of Terror]",
25139,Charlie,Xavier!pass,"[Hollow City, The Gathering Storm, Behind the Beautiful Forevers: Life- Death- and Hope in a Mumbai Undercity, Lone Survivor: The Eyewitness Account of Operation Redwing and the Lost Heroes of SEAL Team 10, The Last Straw]",
25140,,,[],
25141,Eve,Zach#secure,"[Timeline, The Blind Assassin, Being Mortal: Medicine and What Matters in the End]",
25142,Frank,Zx#sp,[White Night],
25143,,,[],
25144,Hannah,Secure#456,"[Enders Shadow, Cruel & Unusual, The Shadow Rising, Jaws, The Interestings]",
25145,Isaac,P@ssword789,[Four Past Midnight],
25146,,,[],
25147,Kate,Zx@12345,[The Deep End of the Ocean],
25148,Liam,abc#568,"[The Jungle Book, The Once and Future King, Prodigy, Voyage au centre de la Terre]",
25149,,,[],
25150,Noah,12345@xyz,"[Shopaholic and Baby, The Invention of Hugo Cabret]",
25151,Olivia,grey#hex,"[Brave New World/Brave New World Revisited, Emotional Intelligence 2.0, Major Pettigrews Last Stand, Blood Meridian: Or the Evening Redness in the West, Chosen: A House of Night Novel]",
25152,,,[],
25153,Quinn,Isaac@456,"[The Silver Chair, Interpreter of Maladies, The Glass Menagerie]",
25154,Rachel,Jack#001,"[Red Seas Under Red Skies, A Visit From the Goon Squad, The Essential Calvin and Hobbes: A Calvin and Hobbes Treasury, The Likeness, The Awakening]",
25155,,,[],
25156,Thomas,Liam_789,"[Jonathan Strange & Mr Norrell, The Hours, Me and Earl and the Dying Girl, Der ProzeÃŸ, Death Masks]",
25157,Uma,Mia$pass,"[Jemima J, Twenties Girl, Still Life with Woodpecker, A Crown of Swords, New Moon: The Complete Illustrated Movie Companion]",
25158,,,[],
25159,William,OliviaPass@567,"[The Wide Window, Drums of Autumn (Outlander- #4), Animal Farm & 1984, The House at Pooh Corner]",
25160,Xavier,Peter#2024,"[Howl and Other Poems, The Eternity Code, CrÃ³nica de una muerte anunciada, The Forever War]",
25161,,,[],
25162,Zach,Rachel!123,"[The Shifting Fog, The Mysterious Benedict Society]",
25163,Zinx,Sophia@789,"[Everything I Never Told You, Brooklyn, The Tenth Circle, Losing It]",
25164,,,[],
25165,Bob,Uma@999,"[Life- the Universe and Everything, Just Kids, The Forgotten Garden]",
25166,Charlie,Vincent#100,"[Post Office, Smile, Timeline]",
25167,,,[],
25168,Eve,Xavier!pass,"[Dont Sweat the Small Stuff, Unravel Me (Shatter Me- #2), Fairy Tail 1, BGM]",
25169,Frank,Y@mine$pass,"[Clear and Present Danger, Losing It, A Bend in the Road]",
25170,,,[],
25171,Hannah,Zx#sp,"[Towers of Midnight, The Marriage Bargain]",
25172,Isaac,Pass@123,"[Tender Is the Night, The Rescue, Night Road]",
25173,,,[],
25174,Kate,P@ssword789,[Never Too Far (Too Far- #2)],
25175,Liam,Qwerty!2024,"[The Wide Window, Onze minutos, Grey]",
25176,,,[],
25177,Noah,abc#568,"[Pygmalion, Among the Hidden, The Secret of the Nagas., Cosmos]",
25178,Olivia,Abc#6789,"[Song of Susannah, Rich Dad - Poor Dad, Dolores Claiborne, The Talisman, Hot Six]",
25179,,,[],
25180,Quinn,grey#hex,"[Extras, Shadow and Bone, The Rosie Effect]",
25181,Rachel,H@nnah123,"[Pushing the Limits, Enders Shadow]",
25182,,,[],
25183,Thomas,Jack#001,"[The Sense of an Ending, Crossed]",
25184,Uma,KatePass!,"[North and South, The Snowy Day, Invisible Man, The Zombie Survival Guide: Complete Protection from the Living Dead]",
25185,,,[],
25186,William,Mia$pass,"[Shanghai Girls, The History of the Hobbit- Part One: Mr. Baggins, Sex- Drugs- and Cocoa Puffs: A Low Culture Manifesto, Rendezvous with Rama]",
25187,Xavier,Noah@123,"[The Virgin Suicides, This Is Where I Leave You]",
25188,,,[],
25189,Zach,Peter#2024,"[The Magicians, The Vile Village, The Psychopath Test, The Mists of Avalon, A Fine Balance]",
25190,Zinx,Quinn$pass,[Geralds Game],
25191,,,[],
25192,Bob,Sophia@789,"[Shutter Island, Shadows Edge, Brown Bear- Brown Bear- What Do You See?, The Kill Order, Going Postal]",
25193,Charlie,Thomas#pass,"[The Good Girl, Rose Madder, Cosmos, Dead as a Doornail]",
25194,,,[],
25195,Eve,Vincent#100,"[Prodigy, Zeitoun, Reading Lolita in Tehran: A Memoir in Books, Sex- Drugs- and Cocoa Puffs: A Low Culture Manifesto]",
25196,Frank,William@456,"[The Fiery Cross, Drums of Autumn (Outlander- #4), The Carnivorous Carnival]",
25197,,,[],
25198,Hannah,Y@mine$pass,"[After You, Assassins Apprentice, Born to Run: A Hidden Tribe- Superathletes- and the Greatest Race the World Has Never Seen]",
25199,Isaac,Zach#secure,[The Lowland],
25200,,,[],
25201,Kate,Pass@123,"[Specials, A Breath of Snow and Ashes, O Zahir, The Ugly Truth]",
25202,Liam,Secure#456,"[Midwives, The Tragedy of Julius Caesar, The Taming of the Shrew, The Story of Edgar Sawtelle, The Silkworm]",
25203,,,[],
25204,Noah,Qwerty!2024,"[The Red Badge of Courage, Ø§Ù„Ø£Ø³ÙˆØ¯ ÙŠÙ„ÙŠÙ‚ Ø¨Ùƒ, Flight Behavior]",
25205,Olivia,Zx@12345,"[Congo, Brave New World/Brave New World Revisited, The Secret of the Nagas., The Alchemyst: The Secrets of The Immortal Nicholas Flamel]",
25206,,,[],
25207,Quinn,Abc#6789,"[The History of the Hobbit- Part One: Mr. Baggins, Linger, Nick & Norahs Infinite Playlist]",
25208,Rachel,12345@xyz,"[Nick & Norahs Infinite Playlist, Lamb: The Gospel According to Biff- Christs Childhood Pal]",
25209,,,[],
25210,Thomas,H@nnah123,"[The Infinite Sea, Small Favor, The Boys in the Boat: Nine Americans and Their Epic Quest for Gold at the 1936 Berlin Olympics]",
25211,Uma,Isaac@456,"[Desperation, Redwall, One Fish- Two Fish- Red Fish- Blue Fish, In the Garden of Beasts: Love- Terror- and an American Family in Hitlers Berlin]",
25212,,,[],
25213,William,KatePass!,"[Loving Frank, The Forgotten Garden, A Visit From the Goon Squad, The Omnivores Dilemma]",
25214,Xavier,Liam_789,"[The Burning Bridge, ÎŸá¼°Î´Î¯Ï€Î¿Ï…Ï‚ Î¤Ï\x8dÏ\x81Î±Î½Î½Î¿Ï‚]",
25215,,,[],
25216,Zach,Noah@123,"[Life After Life, The Broker, The Iron Queen]",
25217,Zinx,OliviaPass@567,"[The Mysterious Benedict Society, Frog and Toad Are Friends, Abhorsen, Under the Never Sky]",
25218,,,[],
25219,Bob,Quinn$pass,[Gabriels Inferno],
25220,Charlie,Rachel!123,"[The Hound of the Baskervilles, Ringworld, Fates and Furies]",
25221,,,[],
25222,Eve,Thomas#pass,[Heart-Shaped Box],
25223,Frank,Uma@999,"[The War of the Worlds, In the Heart of the Sea: The Tragedy of the Whaleship Essex, CrÃ³nica de una muerte anunciada]",
25224,,,[],
25225,Hannah,William@456,"[Lamb: The Gospel According to Biff- Christs Childhood Pal, The Day of the Jackal, Naked in Death]",
25226,Isaac,Xavier!pass,[Gone],
25227,,,[],
25228,Kate,Zach#secure,"[Bloodlines, House of Leaves]",
25229,Liam,Zx#sp,"[Fallen Too Far (Too Far- #1), The Broker, The Beach, Guards! Guards!, The Rosie Effect]",
25230,,,[],
25231,Noah,Secure#456,"[Out of My Mind, Stone of Tears, The Prince and the Pauper]",
25232,Olivia,P@ssword789,[Little House on the Prairie],
25233,,,[],
25234,Quinn,Zx@12345,[The Forever War],
25235,Rachel,abc#568,"[Inheritance, BGM, Five Point Someone: What Not to Do at IIT, Moon Called]",
25236,,,[],
25237,Thomas,12345@xyz,"[Smile, Fool Moon, The Invention of Hugo Cabret, Invisible Man]",
25238,Uma,grey#hex,"[Mr. Mercedes, Lullaby, The Memoirs of Sherlock Holmes, Unwind]",
25239,,,[],
25240,William,Isaac@456,[Hollow City],
25241,Xavier,Jack#001,"[Howls Moving Castle, Just Kids, The Walking Dead Compendium Volume 1]",
25242,,,[],
25243,Zach,Liam_789,"[Passion, Î Î¿Î»Î¹Ï„ÎµÎ¯Î±]",
25244,Zinx,Mia$pass,"[Alanna: The First Adventure, The Ruins of Gorlan]",
25245,,,[],
25246,Bob,OliviaPass@567,[Red Queen],
25247,Charlie,Peter#2024,"[This Lullaby, Prodigal Summer, All Together Dead, The Blood of Olympus]",
25248,,,[],
25249,Eve,Rachel!123,"[Men Are from Mars- Women Are from Venus Book of Days: 365 Inspirations to Enrich Your Relationships, The Hero of Ages]",
25250,Frank,Sophia@789,"[The Power of One, Tintenblut]",
25251,,,[],
25252,Hannah,Uma@999,[Everyone Worth Knowing],
25253,Isaac,Vincent#100,[The Book of Mormon],
25254,,,[],
25255,Kate,Xavier!pass,"[A Separate Peace, Crossed, Hopeless]",
25256,Liam,Y@mine$pass,[The Eyre Affair],
25257,,,[],
25258,Noah,Zx#sp,"[Saving The World and Other Extreme Sports, Voyager, Scarlet]",
25259,Olivia,Pass@123,"[Invisible Man, The Big Short: Inside the Doomsday Machine, Beautiful Darkness, Abhorsen]",
25260,,,[],
25261,Quinn,P@ssword789,"[Dead Reckoning, A Visit From the Goon Squad]",
25262,Rachel,Qwerty!2024,[The Darkest Minds],
25263,,,[],
25264,Thomas,abc#568,"[Reading Lolita in Tehran: A Memoir in Books, Sycamore Row, The Essential Calvin and Hobbes: A Calvin and Hobbes Treasury]",
25265,Uma,Abc#6789,[The House at Pooh Corner],
25266,,,[],
25267,William,grey#hex,"[Long Walk to Freedom: The Autobiography of Nelson Mandela, The Eternity Code, I Am America (And So Can You!), Vanity Fair: A Novel Without a Hero]",
25268,Xavier,H@nnah123,"[Crazy Love: Overwhelmed by a Relentless God, World Without End, Mr. Penumbras 24-Hour Bookstore, Olive Kitteridge, Death Comes to Pemberley]",
25269,,,[],
25270,Zach,Jack#001,"[Across the Universe, Beautiful Bastard, For One More Day, The Constant Princess]",
28097,,,[],
